{
  "Sun Jan 24 2021 05:13:00 GMT-0500 (czas wschodnioamerykański standardowy)": {
    "T1P1 Name": "illusion",
    "T1P1 preELO": 1000,
    "T1P1 Score": 2,
    "T1P1 postELO": 1002.6111111111111,
    "T1P2 Name": "baton",
    "T1P2 preELO": 1000,
    "T1P2 Score": 12,
    "T1P2 postELO": 1004.2777777777778,
    "T1P3 Name": "kapsel",
    "T1P3 preELO": 1000,
    "T1P3 Score": 5,
    "T1P3 postELO": 1003.1111111111111,
    "T1P4 Name": null,
    "T1P4 preELO": null,
    "T1P4 Score": null,
    "T1P4 postELO": null,
    "T1P5 Name": null,
    "T1P5 preELO": null,
    "T1P5 Score": null,
    "T1P5 postELO": null,
    "T1P6 Name": null,
    "T1P6 preELO": null,
    "T1P6 Score": null,
    "T1P6 postELO": null,
    "T1P7 Name": null,
    "T1P7 preELO": null,
    "T1P7 Score": null,
    "T1P7 postELO": null,
    "T2P1 Name": "zielony",
    "T2P1 preELO": 1000,
    "T2P1 Score": 12,
    "T2P1 postELO": 1000.9444444444445,
    "T2P2 Name": "wariat",
    "T2P2 preELO": 1000,
    "T2P2 Score": -33,
    "T2P2 postELO": 993.4444444444445,
    "T2P3 Name": "markos",
    "T2P3 preELO": 1000,
    "T2P3 Score": -20,
    "T2P3 postELO": 995.6111111111111,
    "T2P4 Name": null,
    "T2P4 preELO": null,
    "T2P4 Score": null,
    "T2P4 postELO": null,
    "T2P5 Name": null,
    "T2P5 preELO": null,
    "T2P5 Score": null,
    "T2P5 postELO": null,
    "T2P6 Name": null,
    "T2P6 preELO": null,
    "T2P6 Score": null,
    "T2P6 postELO": null,
    "T2P7 Name": null,
    "T2P7 Score": null,
    "T2P7 postELO": null,
    "T1 Rounds Won": 247,
    "T2 Rounds Won": 217,
    "idwar": 1,
    "video": "09sTqhw1nHo",
    "info": "Zielony 96-84 (+12)              Kapsel 89-84 (+5)\r\nMarkos 62-82 (-20)              Baton   86-74 (+12)\r\nWariat   59-92 (-33)              Ilusion 72-70 (+2)"
  },
  "Sat Jan 30 2021 03:17:00 GMT-0500 (czas wschodnioamerykański standardowy)": {
    "T1P1 Name": "markos",
    "T1P1 preELO": 995.6111111111111,
    "T1P1 Score": 0,
    "T1P1 postELO": 998.0185564082443,
    "T1P2 Name": "l4mer",
    "T1P2 preELO": 1000,
    "T1P2 Score": 8,
    "T1P2 postELO": 1003.4059880917138,
    "T1P3 Name": "zielak",
    "T1P3 preELO": 1000,
    "T1P3 Score": -15,
    "T1P3 postELO": 1000.5309880917138,
    "T1P4 Name": "illusion",
    "T1P4 preELO": 1002.6111111111111,
    "T1P4 Score": 10,
    "T1P4 postELO": 1006.2666896305504,
    "T1P5 Name": null,
    "T1P5 preELO": null,
    "T1P5 Score": null,
    "T1P5 postELO": null,
    "T1P6 Name": null,
    "T1P6 preELO": null,
    "T1P6 Score": null,
    "T1P6 postELO": null,
    "T1P7 Name": null,
    "T1P7 preELO": null,
    "T1P7 Score": null,
    "T1P7 postELO": null,
    "T2P1 Name": "wariat",
    "T2P1 preELO": 993.4444444444445,
    "T2P1 Score": -30,
    "T2P1 postELO": 988.8134158472303,
    "T2P2 Name": "tomas",
    "T2P2 preELO": 1000,
    "T2P2 Score": -44,
    "T2P2 postELO": 993.6648996917423,
    "T2P3 Name": "zielony",
    "T2P3 preELO": 1000.9444444444445,
    "T2P3 Score": 36,
    "T2P3 postELO": 1004.6125592952885,
    "T2P4 Name": "kapsel",
    "T2P4 preELO": 1003.1111111111111,
    "T2P4 Score": -15,
    "T2P4 postELO": 1000.4091251657388,
    "T2P5 Name": null,
    "T2P5 preELO": null,
    "T2P5 Score": null,
    "T2P5 postELO": null,
    "T2P6 Name": null,
    "T2P6 preELO": null,
    "T2P6 Score": null,
    "T2P6 postELO": null,
    "T2P7 Name": null,
    "T2P7 Score": null,
    "T2P7 postELO": null,
    "T1 Rounds Won": 312,
    "T2 Rounds Won": 278,
    "idwar": 2,
    "video": "gaYwwjVD64s",
    "info": "ZIELONY +36, kapsel -15, wariat -30, tomas -44, Markos 0, ILLU +10, LAMER +8, ZIELAK -15"
  },
  "Wed Feb 03 2021 03:28:00 GMT-0500 (czas wschodnioamerykański standardowy)": {
    "T1P1 Name": "wariat",
    "T1P1 preELO": 988.8134158472303,
    "T1P1 Score": -32,
    "T1P1 postELO": 982.6463602146907,
    "T1P2 Name": "zielak",
    "T1P2 preELO": 1000.5309880917138,
    "T1P2 Score": 7,
    "T1P2 postELO": 999.2522668500227,
    "T1P3 Name": "zielony",
    "T1P3 preELO": 1004.6125592952885,
    "T1P3 Score": 23,
    "T1P3 postELO": 1005.3353014882275,
    "T1P4 Name": "illusion",
    "T1P4 preELO": 1006.2666896305504,
    "T1P4 Score": -9,
    "T1P4 postELO": 1002.989724311842,
    "T1P5 Name": null,
    "T1P5 preELO": null,
    "T1P5 Score": null,
    "T1P5 postELO": null,
    "T1P6 Name": null,
    "T1P6 preELO": null,
    "T1P6 Score": null,
    "T1P6 postELO": null,
    "T1P7 Name": null,
    "T1P7 preELO": null,
    "T1P7 Score": null,
    "T1P7 postELO": null,
    "T2P1 Name": "k4ps",
    "T2P1 preELO": 1000,
    "T2P1 Score": 0,
    "T2P1 postELO": 1002.4687550711246,
    "T2P2 Name": "your-problem",
    "T2P2 preELO": 1000,
    "T2P2 Score": -7,
    "T2P2 postELO": 1001.5937550711246,
    "T2P3 Name": "grabarz",
    "T2P3 preELO": 1000,
    "T2P3 Score": -12,
    "T2P3 postELO": 1000.9687550711246,
    "T2P4 Name": "kapsel",
    "T2P4 preELO": 1000.4091251657388,
    "T2P4 Score": 20,
    "T2P4 postELO": 1005.3778599523649,
    "T2P5 Name": null,
    "T2P5 preELO": null,
    "T2P5 Score": null,
    "T2P5 postELO": null,
    "T2P6 Name": null,
    "T2P6 preELO": null,
    "T2P6 Score": null,
    "T2P6 postELO": null,
    "T2P7 Name": null,
    "T2P7 Score": null,
    "T2P7 postELO": null,
    "T1 Rounds Won": 211,
    "T2 Rounds Won": 217,
    "idwar": 3,
    "video": "TdUfsRDbIBE",
    "info": "4 x 7 minutes, no nades, Stadt, Algiers"
  },
  "Thu Feb 11 2021 02:49:00 GMT-0500 (czas wschodnioamerykański standardowy)": {
    "T1P1 Name": "wariat",
    "T1P1 preELO": 982.6463602146907,
    "T1P1 Score": -34,
    "T1P1 postELO": 980.6926899016961,
    "T1P2 Name": "jim",
    "T1P2 preELO": 1000,
    "T1P2 Score": -3,
    "T1P2 postELO": 1000.5771320708883,
    "T1P3 Name": "illusion",
    "T1P3 preELO": 1002.989724311842,
    "T1P3 Score": 11,
    "T1P3 postELO": 1004.7306086180351,
    "T1P4 Name": "baton",
    "T1P4 preELO": 1004.2777777777778,
    "T1P4 Score": 7,
    "T1P4 postELO": 1005.6844777944067,
    "T1P5 Name": "zielony",
    "T1P5 preELO": 1005.3353014882275,
    "T1P5 Score": 62,
    "T1P5 postELO": 1011.324788150496,
    "T1P6 Name": "kapsel",
    "T1P6 preELO": 1005.3778599523649,
    "T1P6 Score": 17,
    "T1P6 postELO": 1007.6173272093807,
    "T1P7 Name": null,
    "T1P7 preELO": null,
    "T1P7 Score": null,
    "T1P7 postELO": null,
    "T2P1 Name": "zielak",
    "T2P1 preELO": 999.2522668500227,
    "T2P1 Score": -45,
    "T2P1 postELO": 995.6099372594692,
    "T2P2 Name": "sauli",
    "T2P2 preELO": 1000,
    "T2P2 Score": -84,
    "T2P2 postELO": 993.1097074054607,
    "T2P3 Name": "boogie",
    "T2P3 preELO": 1000,
    "T2P3 Score": 96,
    "T2P3 postELO": 1008.1097074054607,
    "T2P4 Name": "belus",
    "T2P4 preELO": 1000,
    "T2P4 Score": -66,
    "T2P4 postELO": 994.6097074054607,
    "T2P5 Name": "your-problem",
    "T2P5 preELO": 1001.5937550711246,
    "T2P5 Score": -36,
    "T2P5 postELO": 998.7071225704921,
    "T2P6 Name": "l4mer",
    "T2P6 preELO": 1003.4059880917138,
    "T2P6 Score": 7,
    "T2P6 postELO": 1004.1058279665176,
    "T2P7 Name": null,
    "T2P7 Score": null,
    "T2P7 postELO": null,
    "T1 Rounds Won": 743,
    "T2 Rounds Won": 636,
    "idwar": 4,
    "video": "QFku1SZr2Yg",
    "info": "4x15 min, remagen and verschneit, no nades"
  },
  "Tue Feb 16 2021 00:03:00 GMT-0500 (czas wschodnioamerykański standardowy)": {
    "T1P1 Name": "tomas",
    "T1P1 preELO": 993.6648996917423,
    "T1P1 Score": -26,
    "T1P1 postELO": 981.2717534404396,
    "T1P2 Name": "markos",
    "T1P2 preELO": 998.0185564082443,
    "T1P2 Score": -9,
    "T1P2 postELO": 991.6009297458031,
    "T1P3 Name": "kapsel",
    "T1P3 preELO": 1007.6173272093807,
    "T1P3 Score": 3,
    "T1P3 postELO": 1005.4281001231248,
    "T1P4 Name": null,
    "T1P4 preELO": null,
    "T1P4 Score": null,
    "T1P4 postELO": null,
    "T1P5 Name": null,
    "T1P5 preELO": null,
    "T1P5 Score": null,
    "T1P5 postELO": null,
    "T1P6 Name": null,